0.0036564154513656,39.694008
0.009521079021642813,39.748917
0.015385742591920024,39.81967
0.021250406162197238,39.90709
0.02711506973247445,40.01197
0.03297973330275166,40.1352
0.038844396873028875,40.27752
0.04470906044330609,40.439766
0.0505737240135833,40.62272
0.056438387583860515,40.82717
0.06230305115413773,41.0539
0.06816771472441494,41.303604
0.07403237829469214,41.576965
0.07989704186496936,41.87477
0.08576170543524657,42.197617
0.09162636900552379,42.546135
0.097491032575801,42.920853
0.1033556961460782,43.322342
0.10922035971635542,43.75103
0.11508502328663263,44.2073
0.12094968685690985,44.69153
0.12681435042718706,45.203957
0.1326790139974643,45.74472
0.1385436775677415,46.313942
0.1444083411380187,46.911537
0.1502730047082959,47.537376
0.15613766827857314,48.191193
0.16200233184885035,48.872566
0.16786699541912756,49.580948
0.17373165898940476,50.315598
0.179596322559682,51.075653
0.1854609861299592,51.859985
0.1913256497002364,52.667336
0.19719031327051362,53.49621
0.20305497684079082,54.344826
0.20891964041106806,55.21134
0.21478430398134526,56.09336
0.22064896755162247,56.98861
0.22651363112189968,57.89418
0.2323782946921769,58.8071
0.23824295826245412,59.7241
0.24410762183273133,60.641586
0.24997228540300853,61.555664
0.25583694897328574,62.462303
0.26170161254356294,63.357155
0.26756627611384015,64.2357
0.27343093968411736,65.09336
0.27929560325439456,65.92526
0.28516026682467177,66.72665
0.291024930394949,67.49276
0.2968895939652262,68.21893
0.30275425753550345,68.90097
0.30861892110578065,69.53476
0.31448358467605786,70.11699
0.32034824824633507,70.644844
0.32621291181661227,71.11645
0.3320775753868895,71.53088
0.3379422389571667,71.8884
0.3438069025274439,72.1906
0.3496715660977211,72.4404
0.35553622966799836,72.64247
0.36140089323827557,72.80283
0.3672655568085528,72.92925
0.37313022037883,73.03096
0.3789948839491072,73.11871
0.3848595475193844,73.20434
0.3907242110896616,73.300674
0.3965888746599388,73.42133
0.402453538230216,73.579865
0.4083182018004933,73.789856
0.4141828653707705,74.06426
0.4200475289410477,74.41482
0.4259121925113249,74.85186
0.4317768560816021,75.38386
0.4376415196518793,76.017105
0.4435061832221565,76.75545
0.4493708467924337,77.60035
0.4552355103627109,78.55062
0.4611001739329882,79.60284
0.4669648375032654,80.751175
0.4728295010735426,81.98797
0.4786941646438198,83.30376
0.484558828214097,84.6879
0.4904234917843742,86.1288
0.49628815535465143,87.614334
0.5021528189249287,89.1323
0.508017482495206,90.67064
0.5138821460654831,92.217865
0.5197468096357604,93.76313
0.5256114732060375,95.29674
0.5314761367763148,96.80998
0.5373408003465919,98.29553
0.5432054639168692,99.74726
0.5490701274871465,101.160416
0.5549347910574236,102.531494
0.5607994546277009,103.85828
0.566664118197978,105.1397
0.5725287817682553,106.37585
0.5783934453385324,107.567604
0.5842581089088097,108.71682
0.5901227724790868,109.82603
0.5959874360493641,110.898315
0.6018520996196414,111.93735
0.6077167631899185,112.94704
0.6135814267601958,113.931625
0.6194460903304729,114.89545
0.6253107539007502,115.84293
0.6311754174710273,116.77848
0.6370400810413046,117.70639
0.6429047446115818,118.63084
0.648769408181859,119.55579
0.6546340717521363,120.48495
0.6604987353224134,121.42177
0.6663633988926907,122.369446
0.6722280624629678,123.33084
0.6780927260332451,124.30852
0.6839573896035223,125.30474
0.6898220531737995,126.32142
0.6956867167440767,127.36025
0.7015513803143539,128.42259
0.7074160438846312,129.50945
0.7132807074549083,130.62173
0.7191453710251856,131.76003
0.7250100345954628,132.92465
0.73087469816574,134.11578
0.7367393617360172,135.33342
0.7426040253062944,136.57732
0.7484686888765716,137.8472
0.7543333524468488,139.14253
0.7601980160171261,140.46275
0.7660626795874033,141.8071
0.7719273431576805,143.17482
0.7777920067279577,144.56505
0.7836566702982349,145.97684
0.7895213338685121,147.40924
0.7953859974387893,148.86119
0.8012506610090665,150.33163
0.8071153245793438,151.81952
0.812979988149621,153.32372
0.8188446517198982,154.8431
0.8247093152901754,156.37663
0.8305739788604526,157.92316
0.8364386424307299,159.48155
0.842303306001007,161.0508
0.8481679695712843,162.62973
0.8540326331415614,164.21745
0.8598972967118387,165.81282
0.8657619602821159,167.41489
0.8716266238523931,169.02267
0.8774912874226704,170.6353
0.8833559509929475,172.25179
0.8892206145632248,173.87132
0.8950852781335019,175.49312
0.9009499417037792,177.11632
0.9068146052740563,178.7402
0.9126792688443336,180.36407
0.9185439324146109,181.98734
0.924408595984888,183.60925
0.9302732595551653,185.22931
0.9361379231254424,186.84688
0.9420025866957197,188.46152
0.9478672502659968,190.07271
0.9537319138362741,191.68008
0.9595965774065512,193.28316
0.9654612409768285,194.8816
0.9713259045471058,196.47502
0.9771905681173829,198.06319
0.9830552316876602,199.64583
0.9889198952579373,201.22261
0.9947845588282146,202.79337
1.0006492223984917,204.35788
1.006513885968769,205.91597
1.0123785495390463,207.46745
1.0182432131093233,209.0123
1.0241078766796006,210.55028
1.0299725402498778,212.08131
1.035837203820155,213.60542
1.0417018673904324,215.1224
1.0475665309607094,216.63225
1.0534311945309867,218.1349
1.059295858101264,219.63036
1.0651605216715412,221.11853
1.0710251852418182,222.59946
1.0768898488120955,224.07309
1.0827545123823727,225.53943
1.08861917595265,226.99849
1.0944838395229273,228.45021
1.1003485030932043,229.89464
1.1062131666634816,231.33174
1.1120778302337588,232.76158
1.117942493804036,234.18413
1.1238071573743131,235.59935
1.1296718209445904,237.00731
1.1355364845148677,238.40794
1.141401148085145,239.80135
1.1472658116554222,241.18738
1.1531304752256992,242.56624
1.1589951387959765,243.9377
1.1648598023662537,245.30191
1.170724465936531,246.65875
1.176589129506808,248.00832
1.1824537930770853,249.35048
1.1883184566473626,250.6853
1.1941831202176398,252.01277
1.200047783787917,253.33273
1.2059124473581941,254.64532
1.2117771109284714,255.9504
1.2176417744987487,257.248
1.223506438069026,258.53806
1.229371101639303,259.82047
1.2352357652095802,261.09528
1.2411004287798575,262.36243
1.2469650923501348,263.62183
1.252829755920412,264.87347
1.258694419490689,266.1173
1.2645590830609663,267.35324
1.2704237466312436,268.58127
1.2762884102015208,269.8013
1.2821530737717979,271.01328
1.2880177373420751,272.2172
1.2938824009123524,273.41293
1.2997470644826297,274.6005
1.305611728052907,275.77975
1.311476391623184,276.9507
1.3173410551934612,278.11325
1.3232057187637385,279.26736
1.3290703823340158,280.41306
1.3349350459042928,281.5501
1.34079970947457,282.6786
1.3466643730448473,283.7984
1.3525290366151246,284.9095
1.3583937001854018,286.01184
1.3642583637556789,287.10532
1.3701230273259561,288.18997
1.3759876908962334,289.2657
1.3818523544665107,290.3325
1.3877170180367877,291.39026
1.393581681607065,292.43903
1.3994463451773422,293.47873
1.4053110087476195,294.50922
1.4111756723178968,295.53064
1.4170403358881738,296.54288
1.422904999458451,297.5459
1.4287696630287283,298.5397
1.4346343265990056,299.52423
1.4404989901692826,300.49948
1.4463636537395599,301.46542
1.4522283173098371,302.42212
1.4580929808801144,303.36942
1.4639576444503917,304.30743
1.4698223080206687,305.23608
1.475686971590946,306.1554
1.4815516351612232,307.06537
1.4874162987315005,307.966
1.4932809623017775,308.85724
1.4991456258720548,309.73923
